ID_Jogo,Data,Fase,Grupo,Equipe_Mandante,Equipe_Visitante,Resultado,Chutes_Art,Chutes_Cu,Chutes_Feto,Chutes_MC,Chutes_HC
1,2026-06-11,Fase de Grupos - Rodada 1,A,México,África do Sul,2x0,,,,,
2,2026-06-11,Fase de Grupos - Rodada 1,A,Coréia do Sul,Tchéquia,2x1,,,,,
3,2026-06-12,Fase de Grupos - Rodada 1,B,Canadá,Bósnia e Herzegovina,1x1,,,,,
4,2026-06-12,Fase de Grupos - Rodada 1,D,EUA,Paraguai,4x1,,,,,
5,2026-06-13,Fase de Grupos - Rodada 1,C,Haiti,Escócia,0x1,,,,,
6,2026-06-14,Fase de Grupos - Rodada 1,D,Austrália,Turquia,2x0,,,,,
7,2026-06-13,Fase de Grupos - Rodada 1,C,Brasil,Marrocos,1x1,,,,,
8,2026-06-13,Fase de Grupos - Rodada 1,B,Catar,Suíça,1x1,,,,,
9,2026-06-14,Fase de Grupos - Rodada 1,E,Costa do Marfim,Equador,1x0,1x2,1x1,1x0,2x1,1x2
10,2026-06-14,Fase de Grupos - Rodada 1,E,Alemanha,Curação,7x1,,,,,
11,2026-06-14,Fase de Grupos - Rodada 1,F,Holanda,Japão,2x2,2x3,2x1,1x2,3x2,2x2
12,2026-06-14,Fase de Grupos - Rodada 1,F,Suécia,Tunísia,5x1,2x0,2x1,3x0,2x0,1x0
13,2026-06-15,Fase de Grupos - Rodada 1,H,Arábia Saudita,Uruguai,,,,,,
14,2026-06-15,Fase de Grupos - Rodada 1,H,Espanha,Cabo Verde,0x0,5x0,3x0,4x1,4x0,4x0
15,2026-06-15,Fase de Grupos - Rodada 1,G,Irã,Nova Zelândia,,,,,,
16,2026-06-15,Fase de Grupos - Rodada 1,G,Bélgica,Egito,,,2x1,2x1,1x0,2x1
17,2026-06-16,Fase de Grupos - Rodada 1,I,França,Senegal,,,,,,
18,2026-06-16,Fase de Grupos - Rodada 1,I,Iraque,Noruega,,,,,,
19,2026-06-16,Fase de Grupos - Rodada 1,J,Argentina,Argélia,,,,,,
20,2026-06-16,Fase de Grupos - Rodada 1,J,Áustria,Jordânia,,,,,,
21,2026-06-17,Fase de Grupos - Rodada 1,L,Gana,Panamá,,,,,,
22,2026-06-17,Fase de Grupos - Rodada 1,L,Inglaterra,Croácia,,,,,,
23,2026-06-17,Fase de Grupos - Rodada 1,K,Portugal,RD Congo,,,,,,
24,2026-06-17,Fase de Grupos - Rodada 1,K,Uzbequistão,Colômbia,,,,,,
25,2026-06-18,Fase de Grupos - Rodada 2,A,Tchéquia,África do Sul,,,,,,
26,2026-06-18,Fase de Grupos - Rodada 2,B,Suíça,Bósnia e Herzegovina,,,,,,
27,2026-06-18,Fase de Grupos - Rodada 2,B,Canadá,Catar,,,,,,
28,2026-06-18,Fase de Grupos - Rodada 2,A,México,Coréia do Sul,,,,,,
29,2026-06-19,Fase de Grupos - Rodada 2,C,Brasil,Haiti,,,,,,
30,2026-06-19,Fase de Grupos - Rodada 2,C,Escócia,Marrocos,,,,,,
31,2026-06-19,Fase de Grupos - Rodada 2,D,EUA,Austrália,,,,,,
32,2026-06-19,Fase de Grupos - Rodada 2,D,Turquia,Paraguai,,,,,,
33,2026-06-20,Fase de Grupos - Rodada 2,E,Alemanha,Costa do Marfim,,,,,,
34,2026-06-20,Fase de Grupos - Rodada 2,E,Equador,Curação,,,,,,
35,2026-06-20,Fase de Grupos - Rodada 2,F,Holanda,Suécia,,,,,,
36,2026-06-21,Fase de Grupos - Rodada 2,F,Tunísia,Japão,,,,,,
37,2026-06-21,Fase de Grupos - Rodada 2,G,Bélgica,Irã,,,,,,
38,2026-06-21,Fase de Grupos - Rodada 2,G,Nova Zelândia,Egito,,,,,,
39,2026-06-21,Fase de Grupos - Rodada 2,H,Espanha,Arábia Saudita,,,,,,
40,2026-06-21,Fase de Grupos - Rodada 2,H,Uruguai,Cabo Verde,,,,,,
41,2026-06-22,Fase de Grupos - Rodada 2,I,França,Iraque,,,,,,
42,2026-06-22,Fase de Grupos - Rodada 2,I,Noruega,Senegal,,,,,,
43,2026-06-22,Fase de Grupos - Rodada 2,J,Argentina,Áustria,,,,,,
44,2026-06-22,Fase de Grupos - Rodada 2,J,Jordânia,Argélia,,,,,,
45,2026-06-23,Fase de Grupos - Rodada 2,K,Portugal,Uzbequistão,,,,,,
46,2026-06-23,Fase de Grupos - Rodada 2,K,Colômbia,RD Congo,,,,,,
47,2026-06-23,Fase de Grupos - Rodada 2,L,Inglaterra,Gana,,,,,,
48,2026-06-23,Fase de Grupos - Rodada 2,L,Panamá,Croácia,,,,,,
49,2026-06-24,Fase de Grupos - Rodada 3,A,Tchéquia,México,,,,,,
50,2026-06-24,Fase de Grupos - Rodada 3,A,África do Sul,Coréia do Sul,,,,,,
51,2026-06-24,Fase de Grupos - Rodada 3,B,Suíça,Canadá,,,,,,
52,2026-06-24,Fase de Grupos - Rodada 3,B,Bósnia e Herzegovina,Catar,,,,,,
53,2026-06-24,Fase de Grupos - Rodada 3,C,Escócia,Brasil,,,,,,
54,2026-06-24,Fase de Grupos - Rodada 3,C,Marrocos,Haiti,,,,,,
55,2026-06-25,Fase de Grupos - Rodada 3,D,Turquia,EUA,,,,,,
56,2026-06-25,Fase de Grupos - Rodada 3,D,Paraguai,Austrália,,,,,,
57,2026-06-25,Fase de Grupos - Rodada 3,E,Equador,Alemanha,,,,,,
58,2026-06-25,Fase de Grupos - Rodada 3,E,Curação,Costa do Marfim,,,,,,
59,2026-06-25,Fase de Grupos - Rodada 3,F,Japão,Suécia,,,,,,
60,2026-06-25,Fase de Grupos - Rodada 3,F,Tunísia,Holanda,,,,,,
61,2026-06-26,Fase de Grupos - Rodada 3,G,Nova Zelândia,Bélgica,,,,,,
62,2026-06-26,Fase de Grupos - Rodada 3,G,Egito,Irã,,,,,,
63,2026-06-26,Fase de Grupos - Rodada 3,H,Uruguai,Espanha,,,,,,
64,2026-06-26,Fase de Grupos - Rodada 3,H,Cabo Verde,Arábia Saudita,,,,,,
65,2026-06-26,Fase de Grupos - Rodada 3,I,Noruega,França,,,,,,
66,2026-06-26,Fase de Grupos - Rodada 3,I,Senegal,Iraque,,,,,,
67,2026-06-27,Fase de Grupos - Rodada 3,J,Jordânia,Argentina,,,,,,
68,2026-06-27,Fase de Grupos - Rodada 3,J,Argélia,Áustria,,,,,,
69,2026-06-27,Fase de Grupos - Rodada 3,K,Colômbia,Portugal,,,,,,
70,2026-06-27,Fase de Grupos - Rodada 3,K,RD Congo,Uzbequistão,,,,,,
71,2026-06-27,Fase de Grupos - Rodada 3,L,Panamá,Inglaterra,,,,,,
72,2026-06-27,Fase de Grupos - Rodada 3,L,Croácia,Gana,,,,,,
73,2026-06-28,16-avos de Final,-,1º Grupo A,3º Grupo C/D/E,,,,,,
74,2026-06-28,16-avos de Final,-,2º Grupo B,2º Grupo F,,,,,,
75,2026-06-29,16-avos de Final,-,1º Grupo C,3º Grupo A/B/F,,,,,,
76,2026-06-29,16-avos de Final,-,1º Grupo F,2º Grupo C,,,,,,
77,2026-06-29,16-avos de Final,-,1º Grupo E,3º Grupo A/B/C/D,,,,,,
78,2026-06-30,16-avos de Final,-,1º Grupo D,3º Grupo B/E/F,,,,,,
79,2026-06-30,16-avos de Final,-,2º Grupo A,2º Grupo E,,,,,,
80,2026-06-30,16-avos de Final,-,1º Grupo B,3º Grupo A/C/D/F,,,,,,
81,2026-07-01,16-avos de Final,-,1º Grupo G,3º Grupo I/J/K,,,,,,
82,2026-07-01,16-avos de Final,-,2º Grupo H,2º Grupo L,,,,,,
83,2026-07-02,16-avos de Final,-,1º Grupo I,3º Grupo G/H/L,,,,,,
84,2026-07-02,16-avos de Final,-,1º Grupo L,2º Grupo I,,,,,,
85,2026-07-02,16-avos de Final,-,1º Grupo K,3º Grupo G/H/I/J,,,,,,
86,2026-07-03,16-avos de Final,-,1º Grupo J,3º Grupo H/K/L,,,,,,
87,2026-07-03,16-avos de Final,-,2º Grupo G,2º Grupo K,,,,,,
88,2026-07-03,16-avos de Final,-,1º Grupo H,3º Grupo G/I/J/L,,,,,,
89,2026-07-04,Oitavas de Final,-,Vencedor Jogo 73,Vencedor Jogo 74,,,,,,
90,2026-07-04,Oitavas de Final,-,Vencedor Jogo 75,Vencedor Jogo 76,,,,,,
91,2026-07-05,Oitavas de Final,-,Vencedor Jogo 77,Vencedor Jogo 78,,,,,,
92,2026-07-05,Oitavas de Final,-,Vencedor Jogo 79,Vencedor Jogo 80,,,,,,
93,2026-07-06,Oitavas de Final,-,Vencedor Jogo 81,Vencedor Jogo 82,,,,,,
94,2026-07-06,Oitavas de Final,-,Vencedor Jogo 83,Vencedor Jogo 84,,,,,,
95,2026-07-07,Oitavas de Final,-,Vencedor Jogo 85,Vencedor Jogo 86,,,,,,
96,2026-07-07,Oitavas de Final,-,Vencedor Jogo 87,Vencedor Jogo 88,,,,,,
97,2026-07-09,Quartas de Final,-,Vencedor Jogo 89,Vencedor Jogo 90,,,,,,
98,2026-07-10,Quartas de Final,-,Vencedor Jogo 91,Vencedor Jogo 92,,,,,,
99,2026-07-11,Quartas de Final,-,Vencedor Jogo 93,Vencedor Jogo 94,,,,,,
100,2026-07-11,Quartas de Final,-,Vencedor Jogo 95,Vencedor Jogo 96,,,,,,
101,2026-07-14,Semifinal,-,Vencedor Jogo 97,Vencedor Jogo 98,,,,,,
102,2026-07-15,Semifinal,-,Vencedor Jogo 99,Vencedor Jogo 100,,,,,,
103,2026-07-18,Disputa do 3o Lugar,-,Perdedor Jogo 101,Perdedor Jogo 102,,,,,,
104,2026-07-19,Final,-,Vencedor Jogo 101,Vencedor Jogo 102,,,,,,